slug,titulo,stripe_link
como-pudiste-hacerme-esto-a-mi,"¿Cómo pudiste hacerme esto a mí?",https://buy.stripe.com/28E28r7mpazKd86bJgaZi3n
donde-esta-la-nueva-recompensa,"¿Dónde está la nueva recompensa?",https://buy.stripe.com/dRmfZhayBbDO8RQaFcaZi2x
sales-a-jugar-un-ratito,"¿Sales a jugar un ratito?",
33-suenos,"33 Sueños",https://buy.stripe.com/aFaaEXeOR7ny1po28GaZi00
acordes-de-tormenta-y-cielo,"Acordes de tormenta y cielo",https://buy.stripe.com/dRm3cvcGJgY81po9B8aZi0e
agridulce,"Agridulce",https://buy.stripe.com/5kQ8wPbCFcHS5FEeVsaZj08
al-abrigo-del-frio,"Al abrigo del frío",https://buy.stripe.com/00wdR97mp0Zafge4gOaZi2w
al-tercer-dia,"Al tercer día",https://buy.stripe.com/aFa3cv8qtgY82ts3cKaZi24
alejado-del-tiempo,"Alejado del tiempo",https://buy.stripe.com/14AcN56ilcHS9VU8x4aZj02
algo-mas-que-palabras,"Algo más que palabras. Divertimento",
alianzas,"Alianzas",https://buy.stripe.com/4gM8wP4adeQ01po3cKaZi28
amor-eterno,"Amor eterno",https://buy.stripe.com/3cI6oHbCF7ny3xwbJgaZi0g
amversos,"Amversos",
angulos,"Ángulos",https://buy.stripe.com/eVqbJ1fSVdLW2ts7t0aZi2D
antagonia,"Antagonía",https://buy.stripe.com/00wbJ1gWZeQ00lk9B8aZi3E
are-lo-que-pude,"Aré lo que pude",
arponera-cafe,"Arponera Café",https://buy.stripe.com/aFa7sLeOR23e3xw7t0aZi3H
art-mariage-los-estados-del-alma,"Art Mariage. Los estados del alma",https://buy.stripe.com/9B66oH0Y17nyeca4gOaZi2u
asedio-al-maristan-nazari,"Asedio al Maristán Nazarí: El complot de Ceñidor",https://buy.stripe.com/5kQeVdeORbDO6JIeVsaZj0v
asesinato-en-la-alhambra,"Asesinato en la Alhambra",https://buy.stripe.com/14A7sL8qt9vGd865kSaZi0q
ashaverus-el-libidinoso,"Ashaverus el libidinoso",
asi-me-converti-en-puta,"Así me convertí en puta",https://buy.stripe.com/8x24gzdKN23e0lk3cKaZj05
asoka,"Asoka",https://buy.stripe.com/4gM14n6ileQ03xw8x4aZi05
azogues,"Azogues",https://buy.stripe.com/14A6oHfSVfU4ecaaFcaZi3A
azul-klein,"Azul Klein",https://buy.stripe.com/14AeVd6il8rC9VU28GaZi2A
barminan,"Barminán",https://buy.stripe.com/cNi28rcGJ8rCd86aFcaZi36
buenos-vientos,"Buenos Vientos",
caminando-con-tus-ojos,"Caminando con tus ojos",https://buy.stripe.com/4gM28r0Y18rCfge8x4aZi1d
camino-a-puerto-hermoso,"Camino a Puerto Hermoso",
camino-sin-senalizar,"Camino sin señalizar",https://buy.stripe.com/4gM8wP7mp8rCecabJgaZi29
casa-madre,"Casa Madre",https://buy.stripe.com/7sY9ATdKN8rCaZY14CaZi1h
cautivos-en-libertad,"Cautivos en libertad",https://buy.stripe.com/8x28wPdKNeQ05FE28GaZi3s
cazulas,"Cázulas",https://buy.stripe.com/5kQ14n4adeQ0fgeeVsaZi3G
cementerio-de-medicos,"Cementerio de médicos",https://buy.stripe.com/6oU7sLbCFfU43xw14CaZi1S
chinas-en-los-zapatos,"Chinas en los zapatos",https://buy.stripe.com/cNi7sLfSV8rCaZY00yaZi39
ciber-evolucion,"Ciber-Evolución: corrupción en la ciudad tecnológica",https://buy.stripe.com/00w28rayB0Zac42dRoaZi03
ciudades-y-tierras-salvajes-de-andalucia,"Ciudades y tierras salvajes de Andalucía",https://buy.stripe.com/3cI3cv4addLW2ts9B8aZi06
co-accion,"Co-acción",
coloquio-de-lo-inefable,"Coloquio de lo inefable",
coloquios-con-arturo,"Coloquios con Arturo",
comodamente-adormecido,"Cómodamente adormecido",
con-brevedad-y-alevosia,"Con Brevedad y Alevosía",https://buy.stripe.com/28E3cv7mpazKc42eVsaZi02
creo-que-te-quiero,"Creo que te quiero",https://buy.stripe.com/9B66oH4adeQ00lk9B8aZi0W
crepusculo-eviterno-y-elegias-de-anoranza,"Crepúsculo Eviterno y Elegías de Añoranza",
crisis-humanitaria,"Crisis humanitaria",https://buy.stripe.com/5kQeVd6il9vGecafZwaZi1b
cronica-de-un-profesor-de-instituto,"Crónica de un profesor de instituto",
cuando-termina-la-ciencia-y-empieza-la-ficcion,"Cuando termina la ciencia y empieza la ficción",
cuentame-una-tonteria,"Cuéntame una tontería",https://buy.stripe.com/dRmdR94ad0Za1podRoaZi0m
cuentos-de-otro-mundo,"Cuentos de otro mundo",https://buy.stripe.com/28E8wP4adgY84BA8x4aZi2J
cuerpos-de-agua-mujeres-de-luz,"Cuerpos de agua  mujeres de luz",https://buy.stripe.com/5kQaEX4adfU4aZY5kSaZi3i
culturismo-y-fitness-entrenamiento-dieta-y-anabolizantes,"Culturismo y fitness: entrenamiento  dieta y anabolizantes",https://buy.stripe.com/cNi14n369dLW3xw3cKaZi3r
curso-de-latin-para-principiantes,"Curso de latín para principiantes",
de-juzgados-y-sombras,"De juzgados y sombras",https://buy.stripe.com/8x26oHbCFgY81po6oWaZi0a
de-mal-en-peor,"De mal en peor",https://buy.stripe.com/dRmaEX225fU49VUdRoaZj0c
decepciones,"Decepciones",https://buy.stripe.com/4gM4gz4adfU44BAbJgaZi2S
deconstrucciones,"Deconstrucciones",
derrubios-del-vacio,"Derrubios del vacío",https://buy.stripe.com/00w28r7mpbDO9VUdRoaZi2z
desabrochar-la-piel,"Desabrochar la piel",https://buy.stripe.com/eVq6oHcGJeQ00lk5kSaZi0k
desde-al-andalus-cartas-a-oria,"Desde Al-Ándalus (Cartas a Oria)",https://buy.stripe.com/bJecN5fSVcHSc423cKaZj0o
desde-el-puerto-de-la-utopia,"Desde el puerto de la utopía",https://buy.stripe.com/dRm14nfSVazK0lkeVsaZi16
despertando-a-la-vida,"Despertando a la vida",https://buy.stripe.com/14A28rcGJ8rC6JI6oWaZj0u
destilacion,"Destilación",https://buy.stripe.com/9B69AT9uxbDO7NM7t0aZi2v
donde-lloran-los-dragones,"Donde lloran los dragones",https://buy.stripe.com/aFa28r9uxfU4gki28GaZi3Z
donde-termina-la-lluvia,"Donde termina la lluvia",https://buy.stripe.com/fZu28r369bDO0lk6oWaZi3j
el-alba-inacabada,"El alba inacabada",https://buy.stripe.com/6oU14n3694bm2tsaFcaZi23
el-alma-del-tonel,"El alma del tonel",https://buy.stripe.com/28EdR99uxbDOd86eVsaZi3y
el-arbol-azul,"El árbol azul",https://buy.stripe.com/cNi6oH9uxbDO7NM4gOaZi1y
el-blues-de-ogawa,"El blues de Ogawa",https://buy.stripe.com/bJe14nayBdLW1po5kSaZi1g
el-campo-de-alfalfa,"El campo de alfalfa",https://buy.stripe.com/8x2bJ10Y10Za2tseVsaZi0j
el-canto-triste-del-cuervo,"El canto triste del cuervo",https://buy.stripe.com/bJecN5cGJazK9VUfZwaZi1t
el-caso-solipandi,"El Caso Solipandi",https://buy.stripe.com/3cIaEXfSV8rCd865kSaZi1T
el-centinela-impaciente,"El centinela impaciente",https://buy.stripe.com/8x2dR90Y1fU4gki5kSaZi1z
el-cielo-tras-mis-pasos,"El cielo tras mis pasos",https://buy.stripe.com/14AcN5ayB37i8RQdRoaZi1B
el-circulo-de-aton,"El Círculo de Atón",https://buy.stripe.com/8x2aEX369azK4BAcNkaZi2Q
el-corazon-del-roble,"El corazón del roble",https://buy.stripe.com/6oU7sLdKN7ny1pobJgaZi19
el-creador-de-animas,"El creador de ánimas",https://buy.stripe.com/aFa14ndKNcHS8RQfZwaZi3F
el-dia-y-todas-las-cosas-me-esperan,"El día y todas las cosas me esperan",https://buy.stripe.com/eVq3cvayB5fqfgeeVsaZi2m
el-diccionario-del-alma,"El diccionario del Alma",https://buy.stripe.com/aFa7sLgWZ7ny5FE9B8aZi2Z
el-enigma-de-abravanel,"El enigma de Abravanel",https://buy.stripe.com/bJeeVd225cHSaZY7t0aZj0p
el-espiritu-del-maristan-nazari,"El Espíritu del Maristán Nazarí",
el-estupor-de-los-atlantes,"El estupor de los atlantes",https://buy.stripe.com/4gM28r369eQ00lkcNkaZi2G
el-falsificador-de-la-alcazaba,"El falsificador de la Alcazaba",
el-gran-poeta-esta-rezando,"El gran poeta está rezando",https://buy.stripe.com/00w5kDdKNeQ0gkibJgaZi2P
el-grito-de-los-arboles,"El grito de los árboles",https://buy.stripe.com/bJebJ18qtazK1po8x4aZi10
el-guardian-de-las-rosas,"El Guardián de las Rosas",https://buy.stripe.com/9B6aEXbCF9vG7NM7t0aZi0U
el-holocausto-cataro,"El holocausto cátaro",https://buy.stripe.com/dRm14n2250Za7NMeVsaZj0g
el-hombre-absurdo,"El Hombre Absurdo",https://buy.stripe.com/dRm5kDayB8rC4BA4gOaZi1F
el-hombre-analogico,"El Hombre Analógico",https://buy.stripe.com/14AcN59ux6jud869B8aZi3P
el-intercambio,"El intercambio",https://buy.stripe.com/cNiaEX0Y1azKgkibJgaZi27
el-jardin-de-estocolmo,"El jardín de Estocolmo",
el-lugar-de-la-caracola,"El lugar de la caracola",https://buy.stripe.com/4gM28r4ad6jud8628GaZi0Z
el-maristan-nazari-y-sus-hukama,"El Maristán Nazarí y sus hukamá",https://buy.stripe.com/fZudR9dKNdLW3xw7t0aZi0H
el-mecanismo,"El Mecanismo",https://buy.stripe.com/7sYaEX0Y1gY82ts4gOaZi38
el-monte-de-las-animas-y-otras-leyendas,"El Monte de las Ánimas y otras leyendas",https://buy.stripe.com/dRmdR98qtazK0lk6oWaZi12
el-mundial-que-espana-no-gano,"El Mundial que España no ganó",https://buy.stripe.com/00waEX225azK7NM5kSaZi3J
el-naufrago-afortunado,"El náufrago afortunado",https://buy.stripe.com/8x27sLbCFcHS5FEeVsaZi0s
el-nino-que-hallo-la-felicidad-rodeado-de-palabras,"El niño que halló la felicidad rodeado de palabras",
el-norte,"El norte",https://buy.stripe.com/8x2bJ18qt7ny1po6oWaZi0P
el-oido-del-viento,"El oído del viento",https://buy.stripe.com/dRm00jcGJ4bm6JI3cKaZi31
el-organo-y-otros-cuentos-de-navidad-del-s-xxi,"El órgano y otros cuentos de Navidad del s. XXI",https://buy.stripe.com/aFaaEX6il0Zac4200yaZi1j
el-pedestal-de-los-cobardes,"El pedestal de los cobardes",https://buy.stripe.com/7sY9ATbCF23e4BAaFcaZi2k
el-puente,"El puente",https://buy.stripe.com/3cIaEXgWZ37i6JI28GaZi41
el-recuerdo-nunca-duerme,"El recuerdo nunca duerme",https://buy.stripe.com/aFa6oHayB0Za6JI7t0aZj0h
el-relampago-en-la-habitacion,"El relámpago en la habitación",https://buy.stripe.com/00w9ATcGJbDO4BA5kSaZj03
el-repliegue-de-los-espejos,"El repliegue de los espejos",https://buy.stripe.com/28EcN5cGJ9vG4BA8x4aZi1C
el-ruido-que-haces-al-vivir,"El ruido que haces al vivir",
el-secreto-del-castillo-maldito,"El secreto del castillo maldito",https://buy.stripe.com/aFabJ1dKNgY8eca28GaZi1s
el-sofa-de-carmen,"El sofá de Carmen",https://buy.stripe.com/bJecN5fSV37i6JI7t0aZj07
el-tablero-de-ajedrez,"El tablero de ajedrez",https://buy.stripe.com/aFa9AT7mp23e5FE9B8aZi0R
el-tocadiscos-de-tito,"El tocadiscos de Tito",https://buy.stripe.com/7sY7sL0Y1cHSc426oWaZi0f
el-toque-de-las-animas-y-otros-relatos,"El toque de las ánimas y otros relatos",https://buy.stripe.com/dRm8wP7mp0Za9VU8x4aZi0A
el-ultimo-angel,"El Último Ángel",https://buy.stripe.com/dRmbJ19ux7nyaZY00yaZi3N
el-ultimo-vuelo-del-microraptor,"El último vuelo del Microraptor",https://buy.stripe.com/aFaeVd3697ny4BA5kSaZi1c
el-vacio-huele-a-tabaco-y-serrin,"El vacío huele a tabaco y serrín",https://buy.stripe.com/4gM4gzdKN23e9VUcNkaZi04
el-verano-ya-no-esta-aqui,"El verano ya no está aquí",https://buy.stripe.com/fZu6oH4adazKfge8x4aZj0l
el-viaje,"El viaje",
el-viaje-de-vuelta-a-casa,"El viaje de vuelta a casa",https://buy.stripe.com/dRmbJ17mpazKc4214CaZi3U
el-viento-en-tu-cara,"El viento en tu cara",https://buy.stripe.com/8x200jdKN4bmd8628GaZi1f
elegias,"Elegías",
ella-y-el-faro,"Ella y el faro",
ellas-y-ellos-cuentos-de-familia,"Ellas y ellos. Cuentos de familia",https://buy.stripe.com/cNi4gz9ux23e8RQ28GaZi1w
en-el-perfil-del-sueno,"En el perfil del sueño",https://buy.stripe.com/4gMdR97mpdLW7NM9B8aZi0T
en-la-piel-del-tiempo,"En la piel del tiempo",https://buy.stripe.com/28E28r3695fq3xwaFcaZi07
en-las-cavernas-del-alma,"En las cavernas del alma",https://buy.stripe.com/aFabJ1fSV5fq2ts00yaZi2C
en-realidad-no,"En realidad  no / Sentir",https://buy.stripe.com/cNi9AT2259vG8RQ8x4aZi0L
en-voz-baja,"En voz baja",
enrique-moron-poesia-completa-1970-2021,"Enrique Morón. Poesía completa 1970-2021",https://buy.stripe.com/7sYbJ1bCF5fqc42dRoaZi0F
entre-pegas-y-apegos-apuesta-por-ti,"Entre pegas y apegos. Apuesta por ti",https://buy.stripe.com/4gM14n6il8rCc42fZwaZi1i
eres-lo-que-escuchas,"Eres lo que escuchas",https://buy.stripe.com/bJebJ17mp4bmeca4gOaZi2H
escarabajos,"Escarabajos",https://buy.stripe.com/3cI4gz9uxcHS9VUbJgaZi0y
espacios-naturales-con-historia,"Espacios naturales con historia",https://buy.stripe.com/fZu5kD0Y1fU4fge9B8aZi0S
espejos,"Espejos",
estancias-a-lo-incierto,"Estancias a lo incierto",
eva-de-ur,"Eva de Ur",https://buy.stripe.com/9B68wPayB5fq6JI8x4aZi2r
excerpta,"Excerpta",
exiliados,"Exiliados",https://buy.stripe.com/eVqcN5cGJfU4aZY7t0aZi18
frente-a-la-voz-del-mundo,"Frente a la voz del mundo",
fria-aritmetica,"Fría aritmética",https://buy.stripe.com/6oU4gz6il5fq9VUeVsaZi0p
garnibe,"Garbiñe",https://buy.stripe.com/cNi14n8qt7ny6JI9B8aZi2U
gastronomia-y-poesia-en-la-alpujarra,"Gastronomía y poesía en La Alpujarra",https://buy.stripe.com/bJe7sL7mp5fqaZY7t0aZi3w
gimena-el-sueno-de-una-tortuga,"Gimena  el sueño de una tortuga",https://buy.stripe.com/9B63cv6ildLW5FE28GaZi3f
gotas-de-doble-filo,"Gotas de doble filo",https://buy.stripe.com/bJe6oHdKN5fq1po8x4aZi3z
gritos-de-silencio,"Gritos de silencio",https://buy.stripe.com/aFa5kD369bDO1po28GaZi1l
hego,"Hego",https://buy.stripe.com/4gM4gz8qt37id86fZwaZj0r
hilvanes-del-agua,"Hilvanes del agua",
hormonautas,"Hormonautas",
hotel-penumbra,"Hotel Penumbra",https://buy.stripe.com/7sYfZhgWZ37i2tsfZwaZj0f
hudson,"Hudson",https://buy.stripe.com/8x228rdKNgY80lkeVsaZi1m
huella-liquida,"Huella líquida",https://buy.stripe.com/4gM8wP4ad7nygki00yaZi2N
huellas-en-la-nieve,"Huellas en la nieve",
huerto-sagrado,"Huerto Sagrado",https://buy.stripe.com/bJe6oHfSV9vGfgecNkaZj0a
huyendo-a-granada,"Huyendo a Granada",https://buy.stripe.com/bJe8wP8qt8rC6JI9B8aZj0q
igor-el-ogro,"Ígor el ogro",https://buy.stripe.com/5kQ00j369azKc423cKaZi3C
imperutopicoposibles,"Imperutopicoposibles",https://buy.stripe.com/14AaEXeOR9vG2tsdRoaZi3b
imposibles-impensables,"Imposibles impensables",
intramuros,"Intramuros",
inventario-del-tiempo,"Inventario del tiempo",https://buy.stripe.com/fZu28r4ad37i1po9B8aZi1D
johatsu-y-otros-cuentos,"Johatsu y otros cuentos",
jonas-y-la-esperanza,"Jonás y la esperanza",
jueves,"Jueves",https://buy.stripe.com/28EdR9gWZazK7NM14CaZi0M
la-bruma-que-apacigua-la-memoria,"La bruma que apacigua la memoria",https://buy.stripe.com/cNi14n8qt37ic429B8aZi1a
la-caja-de-pandora,"La Caja de Pandora",https://buy.stripe.com/8x26oH5ehcHS8RQ6oWaZi2e
la-catedral-de-los-suenos,"La Catedral de los sueños",
la-corona-del-cuervo,"La Corona del Cuervo",https://buy.stripe.com/3cI28r7mpcHS1pofZwaZi0I
la-corriente-de-groenlandia,"La corriente de Groenlandia",https://buy.stripe.com/6oU14nfSVcHS1po5kSaZi47
la-cuarentena-de-los-necios,"La cuarentena de los necios",https://buy.stripe.com/5kQ5kDeORgY82ts28GaZi0w
la-dadiva-escondida-en-la-palabra,"La dádiva escondida en la palabra",https://buy.stripe.com/28E8wP369dLW2tsfZwaZi2c
la-distancia-encendida,"La distancia encendida",https://buy.stripe.com/4gMeVd9uxdLW1po28GaZi45
la-distancia-trazada-entre-dos-cuerpos,"La distancia trazada entre dos cuerpos",https://buy.stripe.com/9B6fZh8qt6ju7NMbJgaZi0t
la-fatalidad,"La fatalidad",https://buy.stripe.com/7sY9ATcGJ7ny8RQ8x4aZi2y
la-gestion-del-silencio,"La gestión del silencio",https://buy.stripe.com/28E3cv36923e5FEdRoaZi3W
la-habitacion-320,"La habitación 320",https://buy.stripe.com/14A5kDayBbDOc424gOaZj0s
la-herencia-de-cain-i,"La herencia de Caín I. Vientos del sur (1886-1939)",
la-herencia-de-cain-ii,"La herencia de Caín II. La larga espera (1940-1975)",https://buy.stripe.com/eVq3cv4adfU40lk5kSaZj00
la-herencia-de-cain-iii,"La herencia de Caín III",https://buy.stripe.com/7sYcN59ux7ny8RQ7t0aZi1p
la-historia-oculta-del-temple,"La historia oculta del Temple",
la-isla-cerrada,"La Isla Cerrada",https://buy.stripe.com/eVqeVdfSV37id864gOaZi3p
la-isla-invertida,"La Isla Invertida",https://buy.stripe.com/7sY14n6il6ju1po6oWaZi0D
la-leyenda-de-los-cielos,"La Leyenda de los Cielos",https://buy.stripe.com/28E00jcGJ5fqfge28GaZi0o
la-leyenda-del-fenix,"La leyenda del Fénix",
la-luz-del-fin-de-la-tierra,"La luz del fin de la tierra",
la-memoria-del-expreso,"La memoria del expreso",https://buy.stripe.com/aFa7sLeOR0Za9VUbJgaZi1u
la-mirada-del-frio,"La mirada del frío",
la-negra-del-prostibulo-y-otros-poemas,"La negra del prostíbulo y otros poemas",https://buy.stripe.com/5kQcN5gWZeQ00lkeVsaZi0z
la-nina-que-estuvo,"La niña que estuvo",
la-noche-de-los-cascabeles,"La noche de los cascabeles",https://buy.stripe.com/4gM8wPayB4bm9VUaFcaZi0O
la-noche-de-los-cuentos-anonimos,"La noche de los cuentos anónimos",https://buy.stripe.com/4gM9ATeORfU4aZYbJgaZi0V
la-noche-de-walpurgis,"La Noche de Walpurgis",
la-novena,"La Novena",https://buy.stripe.com/8x2dR9cGJeQ03xwcNkaZi2I
la-oscuridad-volvio-a-quedarse-quieta,"La oscuridad volvió a quedarse quieta",
la-pasion-en-prosa,"La Pasión en prosa",https://buy.stripe.com/14AeVd4ad7nyc425kSaZi32
la-piel-de-la-intemperie,"La piel de la intemperie",https://buy.stripe.com/4gM4gz7mp37igki3cKaZi2K
la-primera-persona-alonso-quijano-autor-del-quijote,"La primera persona (Alonso Quijano  autor del Quijote)",https://buy.stripe.com/9B64gzdKN6jugki4gOaZi0C
la-quinta-en-verde,"La quinta en verde",https://buy.stripe.com/5kQcN5bCF0Za9VUfZwaZi2o
la-retorica-del-silencio,"La retórica del silencio",
la-silla-del-moro,"La Silla del Moro",https://buy.stripe.com/7sYcN59ux9vG8RQ4gOaZi0K
la-verdad-sea-dicha-y-otras-mentiras-verdaderas,"La verdad sea dicha y otras mentiras verdaderas",https://buy.stripe.com/fZudR9225bDO8RQ3cKaZi0u
la-vida-es-una-palabra-muy-corta,"La vida es una palabra muy corta",https://buy.stripe.com/28E14n2257ny6JIfZwaZi2M
la-vieja-inquietud-del-aire,"La vieja inquietud del aire",
laberinto,"Laberinto",https://buy.stripe.com/4gMaEX0Y137i0lk9B8aZi0v
ladrar-a-la-luna,"Ladrar a la luna",https://buy.stripe.com/fZu7sL7mpeQ09VU28GaZi3l
lagrima-roja,"Lágrima roja",https://buy.stripe.com/6oU00jfSVbDOfge9B8aZi2d
lagrimaciendo-sobre-el-vacio,"Lagrimaciendo sobre el vacío",
las-doce-cosechas,"Las doce cosechas",https://buy.stripe.com/3cI14n5eh4bm0lk14CaZi3u
las-flores-estan-mal,"Las flores están mal",
las-leyes-de-kirchhoff,"Las leyes de Kirchhoff",https://buy.stripe.com/7sY28r369cHS6JI9B8aZi3O
las-tres-vidas-de-benjamin-cazenave,"Las tres vidas de Benjamín Cazenave",https://buy.stripe.com/7sYaEX4ad37i0lkeVsaZi0E
lejos-de-toda-esa-gente-con-ideas,"Lejos de toda esa gente con ideas",https://buy.stripe.com/6oU4gz8qteQ05FE00yaZi2q
levedad-de-la-sonrisa,"Levedad de la sonrisa",
libro-de-las-imaginaciones,"Libro de las imaginaciones",https://buy.stripe.com/14AbJ10Y17nyc424gOaZj0m
lo-que-cuesta-nacer,"Lo que cuesta nacer",https://buy.stripe.com/28E3cv4ad5fqaZY3cKaZj0i
lo-que-ocultan-sus-miradas,"Lo que ocultan sus miradas",https://buy.stripe.com/dRm4gz7mp0Za6JI9B8aZi3m
lorca-luces-y-sombras,"Lorca: luces y sombras",
los-101-vericuetos-de-marrakech,"Los 101 vericuetos de Marrakech",https://buy.stripe.com/14A00j5ehbDO9VU6oWaZi3T
los-anos-sesenta-en-granada-y-el-centro-eicu,"Los años sesenta en Granada y el Centro EICU fundado por D. Javier Galindo Blas",https://buy.stripe.com/bJe8wP3690Za3xw00yaZi3e
los-castillos-templarios-de-espana,"Los castillos templarios de España",https://buy.stripe.com/8x23cvcGJfU4ecaaFcaZi0J
los-conciertos,"Los Conciertos",https://buy.stripe.com/5kQ9AT4adcHSaZYcNkaZj0k
los-cuentos-del-arbol-viejo,"Los Cuentos del Árbol Viejo",https://buy.stripe.com/fZu6oHfSV0Zad863cKaZi3g
los-dias-que-me-debes,"Los días que me debes",https://buy.stripe.com/cNicN55ehcHS8RQdRoaZi2Y
los-heroes-estan-lejos,"Los héroes están lejos",https://buy.stripe.com/6oUfZhbCF6ju3xw14CaZi3M
los-papeles-de-juan-espanol-la-mano-quemada,"Los papeles de Juan Español: I La mano quemada",https://buy.stripe.com/dRm00jdKN23e7NMcNkaZj0w
los-rios-nunca-miran-atras,"Los ríos nunca miran atrás",https://buy.stripe.com/9B6aEXayB5fqc42fZwaZi3q
los-suenos-del-naufrago,"Los sueños del náufrago",
los-trigos-tan-azules,"Los trigos tan azules",
los-veranos-que-fuimos,"Los veranos que fuimos",https://buy.stripe.com/14A5kD6il0ZaaZY3cKaZi42
luciernas,"Luciérnagas",
maldito-vicio,"Maldito Vicio",https://buy.stripe.com/dRm9ATgWZbDOd869B8aZj09
maneras-de-estar-tumbada,"Maneras de estar tumbada",
memorial-shadow,"Memorial Shadow",https://buy.stripe.com/5kQ8wPeORgY89VU00yaZj04
mentre-cambi-sono-con-te,"Mentre cambi sono con te",
mi-vida-en-el-bunker,"Mi vida en el búnker",https://buy.stripe.com/aFa14n0Y137iecafZwaZi1O
mientras-las-limusinas-esperan-en-la-calle,"Mientras las limusinas esperan en la calle",
mil-formas-de-decir-la-palabra-universo,"Mil formas de decir la palabra universo",https://buy.stripe.com/eVq5kD7mpeQ09VU8x4aZj0d
monodialogos-frente-al-espejo,"Monodiálogos frente al espejo",
morir-no-es-irse-a-ningun-sitio,"Morir no es irse a ningún sitio",https://buy.stripe.com/aFa9AT0Y1cHS0lkbJgaZi2W
muerte-en-el-consistorio,"Muerte en el consistorio",
nada-en-la-vida-es-isla,"Nada en la vida es isla",https://buy.stripe.com/5kQbJ14ad6ju3xw9B8aZi0N
nadie-me-esperaba,"Nadie me esperaba",https://buy.stripe.com/3cI8wP0Y15fqeca28GaZj0t
ni-un-dia-sin-una-linea,"Ni un día sin una línea",https://buy.stripe.com/8x29AT4ad23e8RQ8x4aZi3k
no-sin-mi-pueblo,"No sin mi pueblo",https://buy.stripe.com/aFa00j9ux37ifgebJgaZi37
no-somos-flores,"No somos flores",https://buy.stripe.com/3cI3cvayBazK0lk4gOaZj0b
nocturnario,"Nocturnario. 101 imágenes y 101 escrituras",
nocturnos,"Nocturnos",https://buy.stripe.com/bJeaEX4ad4bm7NMbJgaZi1E
norberto-rompe-algo,"Norberto rompe algo",https://buy.stripe.com/dRm4gz5ehdLWc42aFcaZi1P
norberto-y-el-regalo,"Norberto y el regalo",https://buy.stripe.com/bJecN5gWZ37id8614CaZi1M
norberto-y-el-tesoro,"Norberto y el tesoro",https://buy.stripe.com/5kQ4gz6ildLW3xw4gOaZi3t
nos,"Nos",https://buy.stripe.com/bJe9AT36923e4BA9B8aZi1N
nostalgia-del-cielo,"Nostalgia del cielo",https://buy.stripe.com/4gM7sL0Y17ny7NM28GaZi2s
nostalgias,"Nostalgias",https://buy.stripe.com/00wdR9cGJfU4ecafZwaZi3V
novias-del-sepulcro,"Novias del Sepulcro",https://buy.stripe.com/14A4gz6ilfU4gki8x4aZi2i
noviembre,"Noviembre",https://buy.stripe.com/6oU00j9ux7nyaZYeVsaZi1K
numen,"Numen",
nunca-es-tarde,"Nunca es tarde",
ojos-claros-para-dias-oscuros,"Ojos claros para días oscuros",https://buy.stripe.com/dRm3cvfSV7ny6JI28GaZi33
opium,"Opium",
orgia-del-silencio,"Orgía del silencio",https://buy.stripe.com/00w5kD22523e7NMbJgaZi3h
origen-la-leyenda-del-fenix-ii,"Origen. La leyenda del Fénix II",https://buy.stripe.com/28E3cv6il4bm7NM9B8aZi2t
oscuridad-la-leyenda-del-fenix-iii,"Oscuridad. La leyenda del Fénix III",https://buy.stripe.com/aFa6oHayB37igki7t0aZi3Q
oximoron,"Oxímoron",https://buy.stripe.com/3cI5kD2258rC6JI14CaZi2g
pabellon-d,"Pabellón D",
palabra-iluminada,"Palabra iluminada",https://buy.stripe.com/aFabJ10Y14bmc42cNkaZi46
para-ir-conociendo-nuestras-plantas,"Para ir conociendo nuestras plantas",https://buy.stripe.com/aFa00j225dLW9VU14CaZi35
poesia-con-perdon,"Poesía  con perdón",
poker-de-ases,"Póker de ases",https://buy.stripe.com/4gM8wP6il4bm4BA6oWaZi3Y
por-la-vida-rapida,"Por la vida rápida",
porno-para-miopes,"Porno para miopes",
preludio-muerte-y-fuga,"Preludio  muerte y fuga",https://buy.stripe.com/bJe7sL5eh5fq3xw5kSaZj0n
premio-volantones-2025,"Premio Volantones 2025",https://buy.stripe.com/3cI14ngWZ8rC5FEaFcaZj06
premio-volantones-2026,"Premio Volantones 2026",
preocupaciones,"Preocupaciones",
presencias-y-ausencias,"Presencias y ausencias",https://buy.stripe.com/dRm9AT3698rC4BAaFcaZi40
que-soy-la-vida,"Que soy la vida",
rapsodia-en-negro-y-rojo,"Rapsodia en negro y rojo",
reconexion,"Reconexión",https://buy.stripe.com/28EeVdeORbDO6JI00yaZi3a
refutacion-del-efecto-doppler,"Refutación del efecto Doppler",
regreso-al-valle-del-olvido,"Regreso al valle del olvido",https://buy.stripe.com/4gM00j2250Za2ts4gOaZi3I
relatos-de-una-luna-muerta,"Relatos de una luna muerta",https://buy.stripe.com/9B6bJ1eORdLW7NM5kSaZi3D
relatos-fulgurantes,"Relatos fulgurantes",https://buy.stripe.com/7sY28rcGJ7nyaZY5kSaZi3x
rilkowk-tramas-trim,"Rilkowk. Tramas Trim",
ritmos-del-desierto,"Ritmos del desierto",https://buy.stripe.com/cNi8wP3696jugki00yaZi30
ritos-de-paso,"Ritos de paso",https://buy.stripe.com/cNicN57mp7ny9VUeVsaZi3X
segundas-oportunidades,"Segundas oportunidades",https://buy.stripe.com/eVqaEX369gY8fgedRoaZi43
sembrando-color,"Sembrando color",https://buy.stripe.com/28E5kDayBazK3xwaFcaZi3S
sin-proposito-de-enmienda,"Sin propósito de enmienda",https://buy.stripe.com/7sY5kDayB8rC8RQ6oWaZi2l
sin-saber-escribirme,"Sin saber escribirme",
sinfonia-criminal,"Sinfonía criminal",https://buy.stripe.com/cNibJ1225fU41po8x4aZi2X
sit-tibi-terra-levis-ii,"Sit tibi terra levis II: De spei diebus",
sit-tibi-terra-levis-iii,"Sit tibi terra levis III: De aurorae diebus",https://buy.stripe.com/28E6oHbCF6ju0lkeVsaZi2R
sit-tibi-terra-levis,"Sit tibi terra levis: De laetitiae diebus",
skordati-nueve-formas-de-morir-en-el-espacio,"Skørdåt I: Nueve formas de morir en el espacio",
skordat-ii-una-sombra-escurridiza,"Skørdåt II: Una sombra escurridiza",https://buy.stripe.com/4gM14nayB37i4BAdRoaZj0e
skordat-iii-al-borde-de-la-muerte,"Skørdåt III: Al borde de la muerte",
sobre-la-nostalgia-y-el-olvido,"Sobre la nostalgia y el olvido",https://buy.stripe.com/8x28wP0Y17ny5FEdRoaZi3R
sombra-de-un-animal-bebiendo-sombra,"Sombra de un animal bebiendo sombra",
somnium,"Somnium",
sonetario,"Sonetario",
suenos-dispersos,"Sueños dispersos",
sulayr-dame-cobijo,"Sulayr  dame cobijo",https://buy.stripe.com/eVq3cv7mpeQ00lk00yaZi2F
taifar,"Taifar",https://buy.stripe.com/4gMbJ1369cHSd869B8aZi3o
teatro-de-alarma,"Teatro de alarma",https://buy.stripe.com/cNi9ATdKNcHS1po3cKaZi3L
teatro-de-sombras,"Teatro de sombras",https://buy.stripe.com/3cIcN5cGJazK9VUaFcaZi44
tempo,"Tempo",https://buy.stripe.com/3cI9AT3690Za2ts6oWaZi2O
temporada-de-granadas,"Temporada de granadas",
tiempo-gris-de-cosmos,"Tiempo gris de cosmos",https://buy.stripe.com/eVq14nayBbDOc425kSaZi3K
tiempos-de-honor,"Tiempos de Honor",https://buy.stripe.com/14A28r0Y19vG5FE7t0aZi2E
trampantojos,"Trampantojos",https://buy.stripe.com/14A6oHcGJ9vG1poeVsaZi1W
transgresion,"Transgresión",https://buy.stripe.com/eVqdR93698rCecaeVsaZj01
tres-sinfonias,"Tres sinfonías",
trilce-imaginado,"Trilce imaginado",
trilogia-poetica-de-un-hombre-silente,"Trilogía poética de un hombre silente",https://buy.stripe.com/7sY00j0Y1azK7NM7t0aZi3d
tu-y-el-amor,"Tú y el amor",
turismo-ruralidad-y-crisis-rural,"Turismo  ruralidad y crisis rural",
ubicuo-alud-de-nivea-luz-divina,"Ubicuo alud de nívea luz divina",https://buy.stripe.com/aFadR9369dLW1po5kSaZi1U
ukigumo,"Ukigumo",
ultima,"Última",https://buy.stripe.com/9B63cv8qt9vG5FE6oWaZi3c
ultima-batalla-el-senor-de-las-bestias,"Última batalla: El Señor de las Bestias",https://buy.stripe.com/4gM28r7mp7ny6JI3cKaZi34
un-ario-andalusi-en-persia,"Un ario andalusí en Persia",https://buy.stripe.com/3cI4gzgWZ5fqeca14CaZi2f
un-verano-en-la-montana,"Un verano en la montaña",
una-casa-en-el-albaicin,"Una casa en el Albaicín",
venganza-la-leyenda-del-fenix-iv,"Venganza. La leyenda del Fénix IV",https://buy.stripe.com/dRm9AT22523eeca14CaZj0x
versos-de-arena,"Versos de arena",https://buy.stripe.com/7sY9AT225azK1po4gOaZi2V
versos-de-una-crisis,"Versos de una crisis",
vertedero-clausurado,"Vertedero clausurado",
voces-de-madrugada,"Voces de madrugada",https://buy.stripe.com/28EeVd4adazK7NM5kSaZi3B
volver-a-granada,"Volver a Granada",https://buy.stripe.com/dRmfZh3699vG0lk6oWaZi3v
x,"X",https://buy.stripe.com/bJe4gzfSV8rC7NMcNkaZi2L
y-tu-cuando-mueres,"Y tú  ¿cuándo mueres?",
yo-tampoco-me-llamo-ulises,"Yo tampoco me llamo Ulises",https://buy.stripe.com/bJe3cv5ehdLWecaeVsaZi2T
yo-la-tierra-que-ahora-piso,"Yo  la tierra que ahora piso",https://buy.stripe.com/14A7sLdKNfU4gkibJgaZj0j